X,Y,标注类别名称,预测类别,图像路径
12.252989,-7.862497,cow_1,cow_1,./dataset/test-41-different/all\cow_1\cow_1_1159.png
9.900265,-6.969497,cow_1,cow_1,./dataset/test-41-different/all\cow_1\cow_1_1210.png
11.512752,-6.9285817,cow_1,cow_1,./dataset/test-41-different/all\cow_1\cow_1_1264.png
11.330097,-6.533151,cow_1,cow_1,./dataset/test-41-different/all\cow_1\cow_1_1283.png
10.817994,-8.338748,cow_1,cow_1,./dataset/test-41-different/all\cow_1\cow_1_1334.png
11.380671,-8.354022,cow_1,cow_1,./dataset/test-41-different/all\cow_1\cow_1_1352.png
12.948883,-8.511849,cow_1,cow_1,./dataset/test-41-different/all\cow_1\cow_1_1380.png
12.591882,-9.260638,cow_1,cow_1,./dataset/test-41-different/all\cow_1\cow_1_1403.png
12.294122,-8.687966,cow_1,cow_1,./dataset/test-41-different/all\cow_1\cow_1_1405.png
11.512694,-9.164789,cow_1,cow_1,./dataset/test-41-different/all\cow_1\cow_1_1417.png
11.851727,-9.563676,cow_1,cow_1,./dataset/test-41-different/all\cow_1\cow_1_1419.png
-27.919693,-19.647144,cow_1,cow_1,./dataset/test-41-different/all\cow_1\cow_1_1476.png
5.708517,-3.2179644,cow_1,cow_27,./dataset/test-41-different/all\cow_1\cow_1_1550.png
19.616137,-9.085591,cow_1,cow_1,./dataset/test-41-different/all\cow_1\cow_1_2403.png
19.719044,-8.883664,cow_1,cow_1,./dataset/test-41-different/all\cow_1\cow_1_2425.png
-25.32785,-20.568653,cow_1,cow_1,./dataset/test-41-different/all\cow_1\cow_1_2643.png
20.0464,32.85628,cow_10,cow_10,./dataset/test-41-different/all\cow_10\cow_10_102.png
19.793875,33.08467,cow_10,cow_10,./dataset/test-41-different/all\cow_10\cow_10_11.png
-11.857182,-26.983805,cow_10,cow_10,./dataset/test-41-different/all\cow_10\cow_10_1119.png
18.09757,35.275074,cow_10,cow_10,./dataset/test-41-different/all\cow_10\cow_10_140.png
18.174002,35.42355,cow_10,cow_10,./dataset/test-41-different/all\cow_10\cow_10_141.png
17.93507,35.93067,cow_10,cow_10,./dataset/test-41-different/all\cow_10\cow_10_185.png
15.013259,21.483042,cow_10,cow_10,./dataset/test-41-different/all\cow_10\cow_10_1851.png
14.961613,20.558128,cow_10,cow_10,./dataset/test-41-different/all\cow_10\cow_10_1858.png
16.122623,18.741814,cow_10,cow_10,./dataset/test-41-different/all\cow_10\cow_10_1893.png
15.945918,19.324587,cow_10,cow_10,./dataset/test-41-different/all\cow_10\cow_10_1899.png
15.931681,21.4252,cow_10,cow_10,./dataset/test-41-different/all\cow_10\cow_10_1922.png
16.358837,20.958197,cow_10,cow_10,./dataset/test-41-different/all\cow_10\cow_10_1941.png
16.038359,20.493048,cow_10,cow_10,./dataset/test-41-different/all\cow_10\cow_10_1951.png
16.557512,20.027761,cow_10,cow_10,./dataset/test-41-different/all\cow_10\cow_10_1960.png
15.715086,20.048601,cow_10,cow_10,./dataset/test-41-different/all\cow_10\cow_10_1976.png
18.974566,34.8679,cow_10,cow_10,./dataset/test-41-different/all\cow_10\cow_10_348.png
14.013077,-13.658156,cow_10,cow_10,./dataset/test-41-different/all\cow_10\cow_10_39.png
16.346298,0.034558047,cow_10,cow_10,./dataset/test-41-different/all\cow_10\cow_10_437.png
15.626088,-12.9841175,cow_10,cow_10,./dataset/test-41-different/all\cow_10\cow_10_481.png
13.714511,-14.33754,cow_10,cow_10,./dataset/test-41-different/all\cow_10\cow_10_60.png
14.911243,-10.413979,cow_10,cow_10,./dataset/test-41-different/all\cow_10\cow_10_692.png
14.928845,-10.743067,cow_10,cow_10,./dataset/test-41-different/all\cow_10\cow_10_702.png
15.249305,-10.881949,cow_10,cow_10,./dataset/test-41-different/all\cow_10\cow_10_717.png
-8.58236,-24.305693,cow_10,cow_10,./dataset/test-41-different/all\cow_10\cow_10_778.png
16.587772,-10.667136,cow_10,cow_10,./dataset/test-41-different/all\cow_10\cow_10_828.png
16.572634,-10.611784,cow_10,cow_10,./dataset/test-41-different/all\cow_10\cow_10_833.png
16.450031,-8.326068,cow_10,cow_10,./dataset/test-41-different/all\cow_10\cow_10_855.png
16.161316,-8.558348,cow_10,cow_10,./dataset/test-41-different/all\cow_10\cow_10_867.png
15.9873495,-9.309833,cow_10,cow_10,./dataset/test-41-different/all\cow_10\cow_10_872.png
13.831836,-15.315209,cow_10,cow_10,./dataset/test-41-different/all\cow_10\cow_10_89.png
14.882338,-14.010496,cow_10,cow_10,./dataset/test-41-different/all\cow_10\cow_10_959.png
13.813642,-16.021133,cow_10,cow_10,./dataset/test-41-different/all\cow_10\cow_10_97.png
15.138133,-13.845716,cow_10,cow_10,./dataset/test-41-different/all\cow_10\cow_10_971.png
2.3019204,33.827686,cow_11,cow_8,./dataset/test-41-different/all\cow_11\cow_11_100.png
3.2464974,25.658339,cow_11,cow_24,./dataset/test-41-different/all\cow_11\cow_11_1022.png
3.2395475,25.725086,cow_11,cow_5,./dataset/test-41-different/all\cow_11\cow_11_1047.png
2.0752199,33.52049,cow_11,cow_8,./dataset/test-41-different/all\cow_11\cow_11_105.png
-1.7943838,-6.187185,cow_11,cow_11,./dataset/test-41-different/all\cow_11\cow_11_1145.png
-1.5454075,-6.4587417,cow_11,cow_11,./dataset/test-41-different/all\cow_11\cow_11_1149.png
-2.7404606,-6.1274295,cow_11,cow_11,./dataset/test-41-different/all\cow_11\cow_11_1160.png
2.5501502,32.176277,cow_11,cow_8,./dataset/test-41-different/all\cow_11\cow_11_137.png
5.092719,29.895424,cow_11,cow_11,./dataset/test-41-different/all\cow_11\cow_11_169.png
4.54795,30.018627,cow_11,cow_11,./dataset/test-41-different/all\cow_11\cow_11_173.png
4.910469,30.735767,cow_11,cow_10,./dataset/test-41-different/all\cow_11\cow_11_179.png
-10.030422,-7.827432,cow_11,cow_8,./dataset/test-41-different/all\cow_11\cow_11_1819.png
-3.1002495,-5.466248,cow_11,cow_11,./dataset/test-41-different/all\cow_11\cow_11_1853.png
4.9047713,29.091017,cow_11,cow_10,./dataset/test-41-different/all\cow_11\cow_11_187.png
-15.195965,-2.0297632,cow_11,cow_11,./dataset/test-41-different/all\cow_11\cow_11_1946.png
-15.451942,-1.8869945,cow_11,cow_6,./dataset/test-41-different/all\cow_11\cow_11_1957.png
5.659758,30.531963,cow_11,cow_8,./dataset/test-41-different/all\cow_11\cow_11_196.png
-3.7291694,-6.4377522,cow_11,cow_11,./dataset/test-41-different/all\cow_11\cow_11_1981.png
5.837892,29.813347,cow_11,cow_8,./dataset/test-41-different/all\cow_11\cow_11_200.png
5.5891647,29.085886,cow_11,cow_8,./dataset/test-41-different/all\cow_11\cow_11_203.png
4.1980686,29.36956,cow_11,cow_10,./dataset/test-41-different/all\cow_11\cow_11_215.png
3.14442,30.214384,cow_11,cow_11,./dataset/test-41-different/all\cow_11\cow_11_267.png
3.1621451,30.750498,cow_11,cow_11,./dataset/test-41-different/all\cow_11\cow_11_270.png
3.659091,31.011023,cow_11,cow_11,./dataset/test-41-different/all\cow_11\cow_11_273.png
4.478553,27.842985,cow_11,cow_11,./dataset/test-41-different/all\cow_11\cow_11_386.png
4.9484057,33.15333,cow_11,cow_10,./dataset/test-41-different/all\cow_11\cow_11_439.png
7.298542,34.09542,cow_11,cow_8,./dataset/test-41-different/all\cow_11\cow_11_479.png
7.2849836,34.06403,cow_11,cow_8,./dataset/test-41-different/all\cow_11\cow_11_481.png
4.538357,32.846333,cow_11,cow_8,./dataset/test-41-different/all\cow_11\cow_11_497.png
2.6365294,33.473793,cow_11,cow_8,./dataset/test-41-different/all\cow_11\cow_11_51.png
6.1247067,37.652966,cow_12,cow_10,./dataset/test-41-different/all\cow_12\cow_12_11.png
10.917579,37.93461,cow_12,cow_10,./dataset/test-41-different/all\cow_12\cow_12_1102.png
10.463006,38.659233,cow_12,cow_10,./dataset/test-41-different/all\cow_12\cow_12_1121.png
9.980651,37.973145,cow_12,cow_10,./dataset/test-41-different/all\cow_12\cow_12_1131.png
9.724666,38.84902,cow_12,cow_10,./dataset/test-41-different/all\cow_12\cow_12_1136.png
9.000065,38.695724,cow_12,cow_10,./dataset/test-41-different/all\cow_12\cow_12_1143.png
8.9004965,38.0002,cow_12,cow_10,./dataset/test-41-different/all\cow_12\cow_12_1159.png
9.486554,37.540245,cow_12,cow_10,./dataset/test-41-different/all\cow_12\cow_12_1163.png
10.654646,37.09592,cow_12,cow_10,./dataset/test-41-different/all\cow_12\cow_12_1170.png
9.8179865,36.808582,cow_12,cow_10,./dataset/test-41-different/all\cow_12\cow_12_1174.png
10.24031,36.179974,cow_12,cow_10,./dataset/test-41-different/all\cow_12\cow_12_1186.png
9.823769,35.224785,cow_12,cow_10,./dataset/test-41-different/all\cow_12\cow_12_1221.png
8.953684,30.791048,cow_12,cow_10,./dataset/test-41-different/all\cow_12\cow_12_1270.png
9.580727,30.760674,cow_12,cow_10,./dataset/test-41-different/all\cow_12\cow_12_1273.png
9.112031,30.085394,cow_12,cow_10,./dataset/test-41-different/all\cow_12\cow_12_1305.png
9.585217,30.222475,cow_12,cow_12,./dataset/test-41-different/all\cow_12\cow_12_1312.png
9.287075,31.42103,cow_12,cow_12,./dataset/test-41-different/all\cow_12\cow_12_1330.png
3.05466,36.25632,cow_12,cow_12,./dataset/test-41-different/all\cow_12\cow_12_144.png
3.3192475,36.674244,cow_12,cow_10,./dataset/test-41-different/all\cow_12\cow_12_174.png
3.493555,36.78296,cow_12,cow_10,./dataset/test-41-different/all\cow_12\cow_12_212.png
4.637359,19.062086,cow_12,cow_10,./dataset/test-41-different/all\cow_12\cow_12_298.png
4.6369257,19.060469,cow_12,cow_10,./dataset/test-41-different/all\cow_12\cow_12_300.png
6.475766,37.635963,cow_12,cow_10,./dataset/test-41-different/all\cow_12\cow_12_31.png
-10.547801,-10.263726,cow_12,cow_11,./dataset/test-41-different/all\cow_12\cow_12_348.png
7.993872,36.813786,cow_12,cow_10,./dataset/test-41-different/all\cow_12\cow_12_63.png
8.529653,36.211136,cow_12,cow_10,./dataset/test-41-different/all\cow_12\cow_12_70.png
7.989402,36.243095,cow_12,cow_10,./dataset/test-41-different/all\cow_12\cow_12_87.png
7.729254,29.34232,cow_12,cow_10,./dataset/test-41-different/all\cow_12\cow_12_923.png
-20.650967,-11.8971195,cow_13,cow_13,./dataset/test-41-different/all\cow_13\cow_13_1509.png
-21.206913,-12.267807,cow_13,cow_13,./dataset/test-41-different/all\cow_13\cow_13_1525.png
-21.564734,-13.092115,cow_13,cow_13,./dataset/test-41-different/all\cow_13\cow_13_1543.png
-20.270428,-12.812783,cow_13,cow_13,./dataset/test-41-different/all\cow_13\cow_13_1564.png
-20.575636,-13.552615,cow_13,cow_13,./dataset/test-41-different/all\cow_13\cow_13_1601.png
-21.482443,-14.221162,cow_13,cow_13,./dataset/test-41-different/all\cow_13\cow_13_1639.png
-20.925713,-14.729487,cow_13,cow_13,./dataset/test-41-different/all\cow_13\cow_13_1716.png
-21.526749,-15.2057705,cow_13,cow_13,./dataset/test-41-different/all\cow_13\cow_13_1721.png
-20.325377,-15.102345,cow_13,cow_13,./dataset/test-41-different/all\cow_13\cow_13_1724.png
-20.184143,-14.435194,cow_13,cow_13,./dataset/test-41-different/all\cow_13\cow_13_1725.png
-19.506565,-14.148271,cow_13,cow_13,./dataset/test-41-different/all\cow_13\cow_13_1731.png
-19.348846,-14.99013,cow_13,cow_13,./dataset/test-41-different/all\cow_13\cow_13_1737.png
-19.729841,-15.872785,cow_13,cow_13,./dataset/test-41-different/all\cow_13\cow_13_1754.png
-20.638994,-15.916597,cow_13,cow_13,./dataset/test-41-different/all\cow_13\cow_13_1759.png
-21.370005,-16.463718,cow_13,cow_13,./dataset/test-41-different/all\cow_13\cow_13_1775.png
-20.4532,-16.720074,cow_13,cow_13,./dataset/test-41-different/all\cow_13\cow_13_1790.png
-5.7025113,-17.447777,cow_13,cow_13,./dataset/test-41-different/all\cow_13\cow_13_428.png
-4.8500156,-12.6079035,cow_13,cow_13,./dataset/test-41-different/all\cow_13\cow_13_816.png
-5.2452836,-13.14851,cow_13,cow_13,./dataset/test-41-different/all\cow_13\cow_13_841.png
-5.8097754,-13.3094635,cow_13,cow_13,./dataset/test-41-different/all\cow_13\cow_13_945.png
-7.7231927,-2.7977614,cow_14,cow_14,./dataset/test-41-different/all\cow_14\cow_14_1434.png
-7.6863084,-2.7527812,cow_14,cow_14,./dataset/test-41-different/all\cow_14\cow_14_1450.png
-6.4381557,-1.6802775,cow_14,cow_14,./dataset/test-41-different/all\cow_14\cow_14_1887.png
-2.3111835,4.571237,cow_14,cow_14,./dataset/test-41-different/all\cow_14\cow_14_1949.png
-2.5051403,3.791563,cow_14,cow_14,./dataset/test-41-different/all\cow_14\cow_14_1980.png
-2.4047341,3.6842217,cow_14,cow_14,./dataset/test-41-different/all\cow_14\cow_14_1989.png
-5.779486,3.3479152,cow_14,cow_13,./dataset/test-41-different/all\cow_14\cow_14_2042.png
-7.0084033,3.1427515,cow_14,cow_13,./dataset/test-41-different/all\cow_14\cow_14_2071.png
-6.796983,2.7524488,cow_14,cow_13,./dataset/test-41-different/all\cow_14\cow_14_2090.png
-3.5528886,3.8605309,cow_14,cow_14,./dataset/test-41-different/all\cow_14\cow_14_2136.png
-3.5222216,3.6276603,cow_14,cow_14,./dataset/test-41-different/all\cow_14\cow_14_2141.png
-5.2640624,1.5961586,cow_14,cow_13,./dataset/test-41-different/all\cow_14\cow_14_2227.png
-5.2243633,1.4307728,cow_14,cow_14,./dataset/test-41-different/all\cow_14\cow_14_2232.png
-5.424764,1.2493135,cow_14,cow_14,./dataset/test-41-different/all\cow_14\cow_14_2235.png
-6.290671,1.3455795,cow_14,cow_14,./dataset/test-41-different/all\cow_14\cow_14_2255.png
-14.648911,-30.368202,cow_14,cow_14,./dataset/test-41-different/all\cow_14\cow_14_565.png
-14.098643,-30.80751,cow_14,cow_14,./dataset/test-41-different/all\cow_14\cow_14_585.png
-14.446962,-30.835548,cow_14,cow_14,./dataset/test-41-different/all\cow_14\cow_14_604.png
-14.220255,-30.070206,cow_14,cow_14,./dataset/test-41-different/all\cow_14\cow_14_620.png
-13.032155,-30.904945,cow_14,cow_13,./dataset/test-41-different/all\cow_14\cow_14_657.png
-9.23627,-25.63589,cow_15,cow_15,./dataset/test-41-different/all\cow_15\cow_15_104.png
-10.441512,-26.369724,cow_15,cow_34,./dataset/test-41-different/all\cow_15\cow_15_11.png
-8.937172,-25.81984,cow_15,cow_15,./dataset/test-41-different/all\cow_15\cow_15_112.png
-8.870446,-25.711931,cow_15,cow_15,./dataset/test-41-different/all\cow_15\cow_15_116.png
-10.525063,-23.667593,cow_15,cow_15,./dataset/test-41-different/all\cow_15\cow_15_178.png
-10.506465,-23.914196,cow_15,cow_15,./dataset/test-41-different/all\cow_15\cow_15_213.png
10.374876,-10.746993,cow_15,cow_15,./dataset/test-41-different/all\cow_15\cow_15_314.png
10.566838,-10.88742,cow_15,cow_15,./dataset/test-41-different/all\cow_15\cow_15_335.png
-16.041643,-24.119152,cow_16,cow_17,./dataset/test-41-different/all\cow_16\cow_16_1019.png
-15.337534,-24.561201,cow_16,cow_14,./dataset/test-41-different/all\cow_16\cow_16_1048.png
-10.77609,0.9153633,cow_16,cow_16,./dataset/test-41-different/all\cow_16\cow_16_112.png
-12.779166,0.75643915,cow_16,cow_24,./dataset/test-41-different/all\cow_16\cow_16_2.png
-16.403574,-6.3839664,cow_16,cow_16,./dataset/test-41-different/all\cow_16\cow_16_219.png
-12.756435,0.74153763,cow_16,cow_24,./dataset/test-41-different/all\cow_16\cow_16_3.png
-15.549165,-6.6366873,cow_16,cow_17,./dataset/test-41-different/all\cow_16\cow_16_312.png
-15.511416,-6.7298865,cow_16,cow_17,./dataset/test-41-different/all\cow_16\cow_16_318.png
-15.903255,-7.874488,cow_16,cow_17,./dataset/test-41-different/all\cow_16\cow_16_336.png
-14.937624,-11.156684,cow_16,cow_20,./dataset/test-41-different/all\cow_16\cow_16_395.png
-14.936127,-11.15157,cow_16,cow_16,./dataset/test-41-different/all\cow_16\cow_16_396.png
-15.170156,-10.660103,cow_16,cow_20,./dataset/test-41-different/all\cow_16\cow_16_532.png
-10.926884,0.15746936,cow_16,cow_16,./dataset/test-41-different/all\cow_16\cow_16_57.png
-11.260958,0.2630246,cow_16,cow_16,./dataset/test-41-different/all\cow_16\cow_16_76.png
-10.545658,0.34842446,cow_16,cow_16,./dataset/test-41-different/all\cow_16\cow_16_99.png
-15.177785,-24.080688,cow_16,cow_14,./dataset/test-41-different/all\cow_16\cow_16_994.png
-15.9036455,-23.174374,cow_17,cow_19,./dataset/test-41-different/all\cow_17\cow_17_1324.png
7.58595,-4.729026,cow_17,cow_17,./dataset/test-41-different/all\cow_17\cow_17_170.png
7.3913293,-4.5096326,cow_17,cow_17,./dataset/test-41-different/all\cow_17\cow_17_183.png
6.516816,-2.417909,cow_17,cow_17,./dataset/test-41-different/all\cow_17\cow_17_256.png
7.78598,-3.335872,cow_17,cow_17,./dataset/test-41-different/all\cow_17\cow_17_28.png
7.5872097,-1.2131681,cow_17,cow_17,./dataset/test-41-different/all\cow_17\cow_17_295.png
7.593884,-1.2361513,cow_17,cow_17,./dataset/test-41-different/all\cow_17\cow_17_298.png
8.771086,-3.1586447,cow_17,cow_17,./dataset/test-41-different/all\cow_17\cow_17_323.png
-13.07622,-10.954911,cow_17,cow_3,./dataset/test-41-different/all\cow_17\cow_17_349.png
-10.622924,-11.585398,cow_17,cow_17,./dataset/test-41-different/all\cow_17\cow_17_412.png
-10.533191,-11.45292,cow_17,cow_17,./dataset/test-41-different/all\cow_17\cow_17_442.png
-8.269374,-10.754563,cow_17,cow_17,./dataset/test-41-different/all\cow_17\cow_17_461.png
6.914213,-3.0108297,cow_17,cow_17,./dataset/test-41-different/all\cow_17\cow_17_56.png
0.042005006,-10.056683,cow_17,cow_17,./dataset/test-41-different/all\cow_17\cow_17_580.png
-17.480766,-25.306734,cow_17,cow_17,./dataset/test-41-different/all\cow_17\cow_17_732.png
-16.44928,-25.5341,cow_17,cow_17,./dataset/test-41-different/all\cow_17\cow_17_809.png
-16.391161,-25.528837,cow_17,cow_17,./dataset/test-41-different/all\cow_17\cow_17_812.png
-13.579788,-22.716873,cow_17,cow_18,./dataset/test-41-different/all\cow_17\cow_17_943.png
-13.418452,-22.510706,cow_17,cow_18,./dataset/test-41-different/all\cow_17\cow_17_964.png
-16.696098,-21.592434,cow_18,cow_18,./dataset/test-41-different/all\cow_18\cow_18_134.png
-16.802462,-26.888332,cow_18,cow_18,./dataset/test-41-different/all\cow_18\cow_18_1922.png
-16.838287,-27.049482,cow_18,cow_18,./dataset/test-41-different/all\cow_18\cow_18_1949.png
-16.817877,-20.44922,cow_18,cow_18,./dataset/test-41-different/all\cow_18\cow_18_208.png
-16.827501,-20.67096,cow_18,cow_18,./dataset/test-41-different/all\cow_18\cow_18_224.png
-17.850143,-21.311703,cow_18,cow_18,./dataset/test-41-different/all\cow_18\cow_18_249.png
-17.609278,-22.798365,cow_18,cow_17,./dataset/test-41-different/all\cow_18\cow_18_332.png
-15.439002,-19.009846,cow_18,cow_17,./dataset/test-41-different/all\cow_18\cow_18_465.png
-14.203841,-24.859451,cow_18,cow_18,./dataset/test-41-different/all\cow_18\cow_18_848.png
-8.289935,-12.715305,cow_19,cow_21,./dataset/test-41-different/all\cow_19\cow_19_291.png
-8.286307,-12.722455,cow_19,cow_21,./dataset/test-41-different/all\cow_19\cow_19_292.png
-19.534283,-26.14137,cow_19,cow_19,./dataset/test-41-different/all\cow_19\cow_19_575.png
-22.018843,-22.559729,cow_19,cow_15,./dataset/test-41-different/all\cow_19\cow_19_677.png
-21.311049,-21.044928,cow_19,cow_19,./dataset/test-41-different/all\cow_19\cow_19_735.png
-21.640429,-20.910686,cow_19,cow_19,./dataset/test-41-different/all\cow_19\cow_19_776.png
-21.935942,-20.924711,cow_19,cow_19,./dataset/test-41-different/all\cow_19\cow_19_806.png
-20.5418,-21.194538,cow_19,cow_19,./dataset/test-41-different/all\cow_19\cow_19_948.png
-10.748392,6.1001787,cow_2,cow_6,./dataset/test-41-different/all\cow_2\cow_2_219.png
-10.731108,6.0429053,cow_2,cow_6,./dataset/test-41-different/all\cow_2\cow_2_225.png
4.3280373,8.189854,cow_2,cow_2,./dataset/test-41-different/all\cow_2\cow_2_466.png
4.888935,7.7362475,cow_2,cow_2,./dataset/test-41-different/all\cow_2\cow_2_476.png
4.2494593,7.434657,cow_2,cow_2,./dataset/test-41-different/all\cow_2\cow_2_504.png
3.5726388,7.2984233,cow_2,cow_2,./dataset/test-41-different/all\cow_2\cow_2_520.png
4.8521876,6.4553084,cow_2,cow_2,./dataset/test-41-different/all\cow_2\cow_2_551.png
4.0035,6.3677545,cow_2,cow_2,./dataset/test-41-different/all\cow_2\cow_2_565.png
3.238616,6.305538,cow_2,cow_2,./dataset/test-41-different/all\cow_2\cow_2_576.png
3.592267,5.725539,cow_2,cow_2,./dataset/test-41-different/all\cow_2\cow_2_578.png
4.433295,5.8547606,cow_2,cow_2,./dataset/test-41-different/all\cow_2\cow_2_585.png
5.3711643,4.6224084,cow_2,cow_2,./dataset/test-41-different/all\cow_2\cow_2_632.png
5.5620065,3.9713757,cow_2,cow_12,./dataset/test-41-different/all\cow_2\cow_2_653.png
5.082912,3.587897,cow_2,cow_12,./dataset/test-41-different/all\cow_2\cow_2_655.png
4.448915,3.8351362,cow_2,cow_12,./dataset/test-41-different/all\cow_2\cow_2_670.png
4.67252,4.3871155,cow_2,cow_12,./dataset/test-41-different/all\cow_2\cow_2_694.png
-14.987468,-16.88082,cow_20,cow_20,./dataset/test-41-different/all\cow_20\cow_20_1674.png
-15.020131,-16.951275,cow_20,cow_20,./dataset/test-41-different/all\cow_20\cow_20_1677.png
-15.240107,-16.793352,cow_20,cow_20,./dataset/test-41-different/all\cow_20\cow_20_1711.png
10.555602,15.161645,cow_20,cow_20,./dataset/test-41-different/all\cow_20\cow_20_2146.png
10.563637,15.167849,cow_20,cow_20,./dataset/test-41-different/all\cow_20\cow_20_2211.png
-19.00327,-23.097458,cow_20,cow_21,./dataset/test-41-different/all\cow_20\cow_20_25.png
-13.099283,-11.476461,cow_20,cow_21,./dataset/test-41-different/all\cow_20\cow_20_420.png
-14.929764,-13.572585,cow_21,cow_32,./dataset/test-41-different/all\cow_21\cow_21_10.png
-9.233686,-15.703362,cow_21,cow_21,./dataset/test-41-different/all\cow_21\cow_21_1448.png
-10.821619,-18.384455,cow_21,cow_21,./dataset/test-41-different/all\cow_21\cow_21_1537.png
-16.377209,-18.34933,cow_21,cow_21,./dataset/test-41-different/all\cow_21\cow_21_1651.png
-8.239204,-15.731371,cow_21,cow_21,./dataset/test-41-different/all\cow_21\cow_21_1764.png
-10.123763,-17.603352,cow_21,cow_21,./dataset/test-41-different/all\cow_21\cow_21_1788.png
-9.641007,-18.143938,cow_21,cow_21,./dataset/test-41-different/all\cow_21\cow_21_1796.png
-9.468057,-17.681921,cow_21,cow_21,./dataset/test-41-different/all\cow_21\cow_21_1801.png
-9.705976,-17.036037,cow_21,cow_21,./dataset/test-41-different/all\cow_21\cow_21_1806.png
-8.02569,-17.001656,cow_21,cow_21,./dataset/test-41-different/all\cow_21\cow_21_1871.png
-8.879503,-16.738598,cow_21,cow_21,./dataset/test-41-different/all\cow_21\cow_21_1873.png
-8.158959,-17.46546,cow_21,cow_21,./dataset/test-41-different/all\cow_21\cow_21_1881.png
-7.63086,-17.856474,cow_21,cow_21,./dataset/test-41-different/all\cow_21\cow_21_1886.png
-8.299678,-18.246931,cow_21,cow_21,./dataset/test-41-different/all\cow_21\cow_21_1923.png
-6.9466496,-17.096388,cow_21,cow_21,./dataset/test-41-different/all\cow_21\cow_21_1932.png
-7.2571015,-16.340454,cow_21,cow_21,./dataset/test-41-different/all\cow_21\cow_21_1939.png
-18.476803,-19.173862,cow_21,cow_21,./dataset/test-41-different/all\cow_21\cow_21_1990.png
-11.17056,-16.857086,cow_21,cow_21,./dataset/test-41-different/all\cow_21\cow_21_2627.png
-14.917404,-13.568971,cow_21,cow_32,./dataset/test-41-different/all\cow_21\cow_21_3.png
-9.169655,-19.48045,cow_21,cow_21,./dataset/test-41-different/all\cow_21\cow_21_657.png
-9.211692,-14.557812,cow_21,cow_21,./dataset/test-41-different/all\cow_21\cow_21_764.png
-10.779163,-15.103354,cow_21,cow_21,./dataset/test-41-different/all\cow_21\cow_21_846.png
-11.947111,-14.566548,cow_21,cow_21,./dataset/test-41-different/all\cow_21\cow_21_858.png
-12.067682,-14.423188,cow_21,cow_21,./dataset/test-41-different/all\cow_21\cow_21_859.png
-1.1278902,21.414087,cow_22,cow_22,./dataset/test-41-different/all\cow_22\cow_22_1173.png
1.5074265,17.901127,cow_22,cow_22,./dataset/test-41-different/all\cow_22\cow_22_1226.png
2.1154125,16.560461,cow_22,cow_22,./dataset/test-41-different/all\cow_22\cow_22_1254.png
2.109716,16.597353,cow_22,cow_22,./dataset/test-41-different/all\cow_22\cow_22_1257.png
0.35232556,19.633198,cow_22,cow_22,./dataset/test-41-different/all\cow_22\cow_22_1280.png
3.0835276,-17.049421,cow_22,cow_32,./dataset/test-41-different/all\cow_22\cow_22_129.png
0.07662644,21.067333,cow_22,cow_22,./dataset/test-41-different/all\cow_22\cow_22_1294.png
-0.30236217,20.706375,cow_22,cow_22,./dataset/test-41-different/all\cow_22\cow_22_1296.png
-0.27686262,20.383291,cow_22,cow_22,./dataset/test-41-different/all\cow_22\cow_22_1297.png
0.32731825,20.68259,cow_22,cow_22,./dataset/test-41-different/all\cow_22\cow_22_1299.png
-10.479844,-6.454255,cow_22,cow_8,./dataset/test-41-different/all\cow_22\cow_22_833.png
-20.424187,-6.984279,cow_22,cow_23,./dataset/test-41-different/all\cow_22\cow_22_899.png
-20.448177,-7.0219927,cow_22,cow_23,./dataset/test-41-different/all\cow_22\cow_22_904.png
-17.762814,-12.849027,cow_23,cow_23,./dataset/test-41-different/all\cow_23\cow_23_1213.png
-6.119851,10.968552,cow_23,cow_23,./dataset/test-41-different/all\cow_23\cow_23_1435.png
4.814035,-16.114746,cow_23,cow_23,./dataset/test-41-different/all\cow_23\cow_23_47.png
-25.897842,-19.657804,cow_23,cow_23,./dataset/test-41-different/all\cow_23\cow_23_534.png
4.464787,-16.19871,cow_23,cow_14,./dataset/test-41-different/all\cow_23\cow_23_75.png
4.4450855,-16.265974,cow_23,cow_14,./dataset/test-41-different/all\cow_23\cow_23_82.png
-7.1266117,8.199094,cow_24,cow_24,./dataset/test-41-different/all\cow_24\cow_24_1050.png
-5.2273116,12.660287,cow_24,cow_24,./dataset/test-41-different/all\cow_24\cow_24_1066.png
-5.496653,12.736896,cow_24,cow_24,./dataset/test-41-different/all\cow_24\cow_24_1071.png
-5.7654734,12.91653,cow_24,cow_24,./dataset/test-41-different/all\cow_24\cow_24_1081.png
-1.1158845,9.618567,cow_24,cow_24,./dataset/test-41-different/all\cow_24\cow_24_1246.png
-1.1190085,9.351533,cow_24,cow_24,./dataset/test-41-different/all\cow_24\cow_24_1250.png
-1.0909826,8.862575,cow_24,cow_24,./dataset/test-41-different/all\cow_24\cow_24_1260.png
-3.6557002,8.349201,cow_24,cow_24,./dataset/test-41-different/all\cow_24\cow_24_1287.png
-3.8828287,8.136363,cow_24,cow_24,./dataset/test-41-different/all\cow_24\cow_24_1295.png
-6.7862825,9.320807,cow_24,cow_24,./dataset/test-41-different/all\cow_24\cow_24_1338.png
-4.978435,9.372054,cow_24,cow_24,./dataset/test-41-different/all\cow_24\cow_24_1358.png
-4.9735017,9.34172,cow_24,cow_24,./dataset/test-41-different/all\cow_24\cow_24_1359.png
-8.032538,6.8748293,cow_24,cow_24,./dataset/test-41-different/all\cow_24\cow_24_1477.png
-7.958797,6.9811277,cow_24,cow_24,./dataset/test-41-different/all\cow_24\cow_24_1481.png
-7.464705,6.9575796,cow_24,cow_24,./dataset/test-41-different/all\cow_24\cow_24_1494.png
-7.7772903,6.1416125,cow_24,cow_24,./dataset/test-41-different/all\cow_24\cow_24_1594.png
-4.5878634,-14.122884,cow_24,cow_24,./dataset/test-41-different/all\cow_24\cow_24_2204.png
-4.5502605,-14.411254,cow_24,cow_24,./dataset/test-41-different/all\cow_24\cow_24_2239.png
-3.6851575,1.6423036,cow_24,cow_24,./dataset/test-41-different/all\cow_24\cow_24_26.png
17.574955,12.341615,cow_24,cow_24,./dataset/test-41-different/all\cow_24\cow_24_275.png
26.359274,0.6054042,cow_24,cow_24,./dataset/test-41-different/all\cow_24\cow_24_3078.png
29.887766,0.5570476,cow_24,cow_24,./dataset/test-41-different/all\cow_24\cow_24_3223.png
28.711664,-0.09269543,cow_24,cow_24,./dataset/test-41-different/all\cow_24\cow_24_3272.png
28.695496,-0.06917423,cow_24,cow_24,./dataset/test-41-different/all\cow_24\cow_24_3274.png
24.319754,13.564376,cow_24,cow_17,./dataset/test-41-different/all\cow_24\cow_24_3420.png
-18.740137,-20.351677,cow_24,cow_13,./dataset/test-41-different/all\cow_24\cow_24_3578.png
24.62052,12.999907,cow_24,cow_24,./dataset/test-41-different/all\cow_24\cow_24_605.png
24.597414,9.582688,cow_25,cow_25,./dataset/test-41-different/all\cow_25\cow_25_106.png
6.1401267,-6.694491,cow_25,cow_25,./dataset/test-41-different/all\cow_25\cow_25_1080.png
4.952723,-7.3855457,cow_25,cow_25,./dataset/test-41-different/all\cow_25\cow_25_1123.png
0.41298488,0.13313156,cow_25,cow_25,./dataset/test-41-different/all\cow_25\cow_25_1246.png
0.4131883,0.17007317,cow_25,cow_13,./dataset/test-41-different/all\cow_25\cow_25_1257.png
24.184202,9.668907,cow_25,cow_25,./dataset/test-41-different/all\cow_25\cow_25_203.png
25.096844,10.188259,cow_25,cow_25,./dataset/test-41-different/all\cow_25\cow_25_244.png
23.081076,5.0268583,cow_25,cow_28,./dataset/test-41-different/all\cow_25\cow_25_290.png
24.041822,6.4838605,cow_25,cow_28,./dataset/test-41-different/all\cow_25\cow_25_310.png
19.526346,4.532199,cow_26,cow_25,./dataset/test-41-different/all\cow_26\cow_26_1003.png
-2.717127,-23.623821,cow_26,cow_26,./dataset/test-41-different/all\cow_26\cow_26_1177.png
-2.7154481,-23.613436,cow_26,cow_26,./dataset/test-41-different/all\cow_26\cow_26_1183.png
15.049159,3.9787464,cow_26,cow_26,./dataset/test-41-different/all\cow_26\cow_26_153.png
14.769763,4.2348213,cow_26,cow_26,./dataset/test-41-different/all\cow_26\cow_26_169.png
14.283315,3.6564112,cow_26,cow_26,./dataset/test-41-different/all\cow_26\cow_26_184.png
14.611021,3.10945,cow_26,cow_26,./dataset/test-41-different/all\cow_26\cow_26_192.png
14.325861,3.0781598,cow_26,cow_26,./dataset/test-41-different/all\cow_26\cow_26_194.png
16.476358,9.384767,cow_26,cow_26,./dataset/test-41-different/all\cow_26\cow_26_25.png
16.673801,10.013289,cow_26,cow_26,./dataset/test-41-different/all\cow_26\cow_26_269.png
16.686296,10.327873,cow_26,cow_26,./dataset/test-41-different/all\cow_26\cow_26_288.png
21.096548,9.562859,cow_26,cow_28,./dataset/test-41-different/all\cow_26\cow_26_398.png
-3.5842948,13.327195,cow_26,cow_29,./dataset/test-41-different/all\cow_26\cow_26_693.png
30.640709,10.386762,cow_26,cow_39,./dataset/test-41-different/all\cow_26\cow_26_824.png
19.425018,4.541392,cow_26,cow_26,./dataset/test-41-different/all\cow_26\cow_26_994.png
12.587668,0.14112452,cow_27,cow_27,./dataset/test-41-different/all\cow_27\cow_27_327.png
12.099753,0.083464324,cow_27,cow_27,./dataset/test-41-different/all\cow_27\cow_27_335.png
-11.879347,10.2782955,cow_27,cow_27,./dataset/test-41-different/all\cow_27\cow_27_543.png
-11.877278,10.282521,cow_27,cow_27,./dataset/test-41-different/all\cow_27\cow_27_547.png
9.1512575,0.0018788892,cow_28,cow_35,./dataset/test-41-different/all\cow_28\cow_28_118.png
23.815252,-1.1074642,cow_28,cow_28,./dataset/test-41-different/all\cow_28\cow_28_1899.png
32.43529,5.084004,cow_28,cow_28,./dataset/test-41-different/all\cow_28\cow_28_2059.png
32.487423,5.189043,cow_28,cow_28,./dataset/test-41-different/all\cow_28\cow_28_2077.png
32.636528,5.3315434,cow_28,cow_28,./dataset/test-41-different/all\cow_28\cow_28_2098.png
25.130796,3.5861063,cow_29,cow_29,./dataset/test-41-different/all\cow_29\cow_29_134.png
24.996862,3.6585033,cow_29,cow_29,./dataset/test-41-different/all\cow_29\cow_29_160.png
26.100822,4.9123807,cow_29,cow_29,./dataset/test-41-different/all\cow_29\cow_29_277.png
24.04144,4.1549554,cow_29,cow_29,./dataset/test-41-different/all\cow_29\cow_29_3.png
20.999119,-4.5153174,cow_29,cow_29,./dataset/test-41-different/all\cow_29\cow_29_497.png
20.552696,-5.0037646,cow_29,cow_29,./dataset/test-41-different/all\cow_29\cow_29_527.png
23.705547,3.8850985,cow_29,cow_29,./dataset/test-41-different/all\cow_29\cow_29_58.png
-8.356445,-6.162271,cow_3,cow_3,./dataset/test-41-different/all\cow_3\cow_3_1008.png
-7.9721413,-5.8901424,cow_3,cow_3,./dataset/test-41-different/all\cow_3\cow_3_1032.png
-8.346894,-4.591632,cow_3,cow_3,./dataset/test-41-different/all\cow_3\cow_3_1076.png
-3.2581167,-15.288286,cow_3,cow_13,./dataset/test-41-different/all\cow_3\cow_3_771.png
-7.881789,-10.072268,cow_3,cow_3,./dataset/test-41-different/all\cow_3\cow_3_866.png
-7.757055,-9.269327,cow_3,cow_3,./dataset/test-41-different/all\cow_3\cow_3_883.png
-8.376387,-6.321934,cow_3,cow_3,./dataset/test-41-different/all\cow_3\cow_3_996.png
-1.4266657,16.007998,cow_30,cow_30,./dataset/test-41-different/all\cow_30\cow_30_1626.png
-0.5591718,14.026338,cow_30,cow_30,./dataset/test-41-different/all\cow_30\cow_30_1793.png
-1.3407658,14.300726,cow_30,cow_30,./dataset/test-41-different/all\cow_30\cow_30_1839.png
-1.3402293,14.295136,cow_30,cow_30,./dataset/test-41-different/all\cow_30\cow_30_1842.png
-0.8875596,13.888432,cow_30,cow_30,./dataset/test-41-different/all\cow_30\cow_30_1901.png
26.410332,5.9321666,cow_30,cow_30,./dataset/test-41-different/all\cow_30\cow_30_223.png
25.660023,6.4311676,cow_30,cow_30,./dataset/test-41-different/all\cow_30\cow_30_420.png
25.750607,6.961334,cow_30,cow_30,./dataset/test-41-different/all\cow_30\cow_30_434.png
-11.191546,-21.480661,cow_31,cow_31,./dataset/test-41-different/all\cow_31\cow_31_1015.png
2.0399475,-21.564758,cow_31,cow_31,./dataset/test-41-different/all\cow_31\cow_31_1138.png
1.9724501,-21.606064,cow_31,cow_31,./dataset/test-41-different/all\cow_31\cow_31_1176.png
-23.397509,-24.33322,cow_31,cow_31,./dataset/test-41-different/all\cow_31\cow_31_1276.png
-23.628298,-24.521793,cow_31,cow_31,./dataset/test-41-different/all\cow_31\cow_31_1308.png
-23.36699,-24.651112,cow_31,cow_31,./dataset/test-41-different/all\cow_31\cow_31_1374.png
-2.5103185,20.751152,cow_31,cow_31,./dataset/test-41-different/all\cow_31\cow_31_467.png
14.576719,10.006949,cow_31,cow_31,./dataset/test-41-different/all\cow_31\cow_31_672.png
-5.3659425,-8.040477,cow_31,cow_31,./dataset/test-41-different/all\cow_31\cow_31_957.png
-28.285717,-9.3288145,cow_32,cow_20,./dataset/test-41-different/all\cow_32\cow_32_1036.png
-28.20692,-9.164955,cow_32,cow_20,./dataset/test-41-different/all\cow_32\cow_32_1038.png
-28.595697,-10.217524,cow_32,cow_21,./dataset/test-41-different/all\cow_32\cow_32_1064.png
-29.030619,-6.245097,cow_32,cow_32,./dataset/test-41-different/all\cow_32\cow_32_1380.png
-28.628998,-5.3678117,cow_32,cow_32,./dataset/test-41-different/all\cow_32\cow_32_1464.png
-27.850786,-4.1741285,cow_32,cow_32,./dataset/test-41-different/all\cow_32\cow_32_1502.png
-27.560345,-4.1442766,cow_32,cow_32,./dataset/test-41-different/all\cow_32\cow_32_1556.png
-24.685688,-6.094336,cow_32,cow_32,./dataset/test-41-different/all\cow_32\cow_32_1591.png
-26.143026,-8.922071,cow_32,cow_33,./dataset/test-41-different/all\cow_32\cow_32_1742.png
13.065835,15.57338,cow_32,cow_32,./dataset/test-41-different/all\cow_32\cow_32_1823.png
13.138656,15.353873,cow_32,cow_32,./dataset/test-41-different/all\cow_32\cow_32_1878.png
-31.056034,-10.351389,cow_32,cow_32,./dataset/test-41-different/all\cow_32\cow_32_280.png
-31.451365,-12.197489,cow_32,cow_32,./dataset/test-41-different/all\cow_32\cow_32_415.png
-27.723003,-18.748827,cow_32,cow_31,./dataset/test-41-different/all\cow_32\cow_32_44.png
-30.006426,-12.360289,cow_32,cow_32,./dataset/test-41-different/all\cow_32\cow_32_595.png
-29.919657,-11.898748,cow_32,cow_32,./dataset/test-41-different/all\cow_32\cow_32_598.png
-29.8306,-11.59037,cow_32,cow_32,./dataset/test-41-different/all\cow_32\cow_32_599.png
-24.699833,-14.435636,cow_32,cow_32,./dataset/test-41-different/all\cow_32\cow_32_732.png
-31.28403,-11.73181,cow_32,cow_32,./dataset/test-41-different/all\cow_32\cow_32_781.png
-27.102528,-13.48875,cow_33,cow_33,./dataset/test-41-different/all\cow_33\cow_33_107.png
-22.671623,-4.919828,cow_33,cow_33,./dataset/test-41-different/all\cow_33\cow_33_1181.png
-23.30732,-6.663304,cow_33,cow_33,./dataset/test-41-different/all\cow_33\cow_33_1240.png
13.977892,13.585831,cow_33,cow_33,./dataset/test-41-different/all\cow_33\cow_33_1347.png
-18.992376,-1.4987721,cow_33,cow_33,./dataset/test-41-different/all\cow_33\cow_33_1379.png
-27.198408,-12.430043,cow_33,cow_32,./dataset/test-41-different/all\cow_33\cow_33_140.png
9.733206,-4.3459773,cow_33,cow_33,./dataset/test-41-different/all\cow_33\cow_33_1424.png
6.6205378,15.67018,cow_33,cow_33,./dataset/test-41-different/all\cow_33\cow_33_1462.png
6.6988735,15.734254,cow_33,cow_33,./dataset/test-41-different/all\cow_33\cow_33_1525.png
-28.858212,-18.159374,cow_33,cow_33,./dataset/test-41-different/all\cow_33\cow_33_218.png
-28.689625,-17.318895,cow_33,cow_33,./dataset/test-41-different/all\cow_33\cow_33_272.png
-28.37907,-17.986376,cow_33,cow_33,./dataset/test-41-different/all\cow_33\cow_33_302.png
-29.57915,-17.422136,cow_33,cow_32,./dataset/test-41-different/all\cow_33\cow_33_396.png
-29.432247,-18.487839,cow_33,cow_33,./dataset/test-41-different/all\cow_33\cow_33_455.png
-28.880491,-16.15693,cow_33,cow_33,./dataset/test-41-different/all\cow_33\cow_33_598.png
-27.399982,-13.901512,cow_33,cow_33,./dataset/test-41-different/all\cow_33\cow_33_62.png
-25.85241,-6.6928067,cow_33,cow_32,./dataset/test-41-different/all\cow_33\cow_33_625.png
-25.94812,-6.3687625,cow_33,cow_3,./dataset/test-41-different/all\cow_33\cow_33_686.png
-27.404572,-13.707491,cow_33,cow_33,./dataset/test-41-different/all\cow_33\cow_33_84.png
9.341309,10.487685,cow_33,cow_33,./dataset/test-41-different/all\cow_33\cow_33_942.png
9.921667,10.699485,cow_33,cow_33,./dataset/test-41-different/all\cow_33\cow_33_951.png
10.049614,11.065798,cow_33,cow_33,./dataset/test-41-different/all\cow_33\cow_33_963.png
9.876809,11.138066,cow_33,cow_33,./dataset/test-41-different/all\cow_33\cow_33_975.png
-27.492443,-20.317291,cow_34,cow_34,./dataset/test-41-different/all\cow_34\cow_34_203.png
4.242516,-14.417309,cow_34,cow_34,./dataset/test-41-different/all\cow_34\cow_34_32.png
26.725763,3.987185,cow_34,cow_34,./dataset/test-41-different/all\cow_34\cow_34_451.png
27.440674,8.803834,cow_35,cow_35,./dataset/test-41-different/all\cow_35\cow_35_1097.png
26.337973,1.1383457,cow_35,cow_35,./dataset/test-41-different/all\cow_35\cow_35_112.png
27.380117,9.078884,cow_35,cow_35,./dataset/test-41-different/all\cow_35\cow_35_1127.png
27.556831,8.964804,cow_35,cow_35,./dataset/test-41-different/all\cow_35\cow_35_1154.png
0.9179006,9.8394985,cow_35,cow_31,./dataset/test-41-different/all\cow_35\cow_35_901.png
16.46995,11.745549,cow_36,cow_36,./dataset/test-41-different/all\cow_36\cow_36_250.png
18.128584,-4.0747247,cow_37,cow_37,./dataset/test-41-different/all\cow_37\cow_37_1734.png
18.135038,-4.085951,cow_37,cow_37,./dataset/test-41-different/all\cow_37\cow_37_1740.png
18.281033,-3.0676413,cow_37,cow_37,./dataset/test-41-different/all\cow_37\cow_37_1912.png
28.554445,6.701701,cow_37,cow_37,./dataset/test-41-different/all\cow_37\cow_37_626.png
28.499311,6.65296,cow_37,cow_37,./dataset/test-41-different/all\cow_37\cow_37_655.png
27.578056,6.8094196,cow_37,cow_34,./dataset/test-41-different/all\cow_37\cow_37_704.png
26.002747,11.554734,cow_38,cow_38,./dataset/test-41-different/all\cow_38\cow_38_1936.png
26.062813,12.124519,cow_38,cow_38,./dataset/test-41-different/all\cow_38\cow_38_2015.png
-7.630901,-22.548742,cow_39,cow_23,./dataset/test-41-different/all\cow_39\cow_39_1147.png
6.4244156,-5.999831,cow_39,cow_35,./dataset/test-41-different/all\cow_39\cow_39_1365.png
-3.9631362,-25.254019,cow_39,cow_39,./dataset/test-41-different/all\cow_39\cow_39_1421.png
-3.9551718,-25.274395,cow_39,cow_39,./dataset/test-41-different/all\cow_39\cow_39_1428.png
-5.555482,-25.731728,cow_39,cow_41,./dataset/test-41-different/all\cow_39\cow_39_1483.png
27.883108,1.297197,cow_39,cow_39,./dataset/test-41-different/all\cow_39\cow_39_1579.png
32.25022,12.70565,cow_39,cow_39,./dataset/test-41-different/all\cow_39\cow_39_16.png
30.933027,11.944979,cow_39,cow_39,./dataset/test-41-different/all\cow_39\cow_39_3.png
30.982702,12.598955,cow_39,cow_39,./dataset/test-41-different/all\cow_39\cow_39_42.png
20.983576,6.083424,cow_39,cow_39,./dataset/test-41-different/all\cow_39\cow_39_428.png
31.713243,12.164127,cow_39,cow_39,./dataset/test-41-different/all\cow_39\cow_39_47.png
31.582417,12.966552,cow_39,cow_39,./dataset/test-41-different/all\cow_39\cow_39_5.png
31.545013,11.418874,cow_39,cow_39,./dataset/test-41-different/all\cow_39\cow_39_56.png
22.13637,7.2762747,cow_39,cow_39,./dataset/test-41-different/all\cow_39\cow_39_571.png
22.031275,7.5660715,cow_39,cow_39,./dataset/test-41-different/all\cow_39\cow_39_573.png
21.482779,6.0963416,cow_39,cow_39,./dataset/test-41-different/all\cow_39\cow_39_632.png
32.212357,11.3443775,cow_39,cow_39,./dataset/test-41-different/all\cow_39\cow_39_84.png
32.574207,11.9551,cow_39,cow_39,./dataset/test-41-different/all\cow_39\cow_39_89.png
-16.075981,7.4637146,cow_4,cow_4,./dataset/test-41-different/all\cow_4\cow_4_107.png
-15.454809,7.1594996,cow_4,cow_4,./dataset/test-41-different/all\cow_4\cow_4_186.png
-14.2689085,5.888722,cow_4,cow_4,./dataset/test-41-different/all\cow_4\cow_4_278.png
-14.452053,6.081855,cow_4,cow_4,./dataset/test-41-different/all\cow_4\cow_4_308.png
-14.343869,5.433977,cow_4,cow_4,./dataset/test-41-different/all\cow_4\cow_4_316.png
-16.406942,5.848829,cow_4,cow_4,./dataset/test-41-different/all\cow_4\cow_4_383.png
-16.416935,6.0028706,cow_4,cow_4,./dataset/test-41-different/all\cow_4\cow_4_388.png
-15.6240225,5.216103,cow_4,cow_22,./dataset/test-41-different/all\cow_4\cow_4_434.png
-14.9373045,4.228897,cow_4,cow_22,./dataset/test-41-different/all\cow_4\cow_4_460.png
0.32098287,-22.812653,cow_40,cow_40,./dataset/test-41-different/all\cow_40\cow_40_1490.png
25.139969,8.078548,cow_40,cow_40,./dataset/test-41-different/all\cow_40\cow_40_173.png
1.7420558,14.53973,cow_40,cow_40,./dataset/test-41-different/all\cow_40\cow_40_634.png
7.9528217,19.7035,cow_40,cow_41,./dataset/test-41-different/all\cow_40\cow_40_731.png
24.485355,5.2929144,cow_41,cow_15,./dataset/test-41-different/all\cow_41\cow_41_1042.png
20.747618,-4.4933014,cow_41,cow_25,./dataset/test-41-different/all\cow_41\cow_41_1073.png
-4.9648056,16.697456,cow_41,cow_39,./dataset/test-41-different/all\cow_41\cow_41_1131.png
-4.9639626,16.633396,cow_41,cow_34,./dataset/test-41-different/all\cow_41\cow_41_1152.png
-2.2660723,12.396852,cow_41,cow_41,./dataset/test-41-different/all\cow_41\cow_41_1211.png
21.873957,19.488352,cow_41,cow_41,./dataset/test-41-different/all\cow_41\cow_41_1276.png
21.833977,19.277328,cow_41,cow_41,./dataset/test-41-different/all\cow_41\cow_41_1292.png
21.836866,19.130417,cow_41,cow_41,./dataset/test-41-different/all\cow_41\cow_41_1294.png
-3.8054907,-23.044039,cow_41,cow_41,./dataset/test-41-different/all\cow_41\cow_41_2556.png
-2.1252825,-24.325974,cow_41,cow_41,./dataset/test-41-different/all\cow_41\cow_41_2648.png
0.12724087,-24.41297,cow_41,cow_41,./dataset/test-41-different/all\cow_41\cow_41_2738.png
-23.89515,-27.031763,cow_41,cow_41,./dataset/test-41-different/all\cow_41\cow_41_2795.png
-23.88977,-27.031897,cow_41,cow_41,./dataset/test-41-different/all\cow_41\cow_41_2801.png
0.32349643,-25.417618,cow_41,cow_41,./dataset/test-41-different/all\cow_41\cow_41_2973.png
0.4828598,-25.486185,cow_41,cow_41,./dataset/test-41-different/all\cow_41\cow_41_2978.png
0.7614401,-25.33419,cow_41,cow_41,./dataset/test-41-different/all\cow_41\cow_41_2979.png
9.275597,27.778595,cow_5,cow_5,./dataset/test-41-different/all\cow_5\cow_5_1610.png
4.0658407,14.46362,cow_5,cow_5,./dataset/test-41-different/all\cow_5\cow_5_1831.png
5.813029,11.586417,cow_5,cow_10,./dataset/test-41-different/all\cow_5\cow_5_1885.png
4.594088,12.826051,cow_5,cow_10,./dataset/test-41-different/all\cow_5\cow_5_1893.png
4.693013,12.292031,cow_5,cow_10,./dataset/test-41-different/all\cow_5\cow_5_1896.png
5.3215513,12.172493,cow_5,cow_10,./dataset/test-41-different/all\cow_5\cow_5_1937.png
5.5277176,12.858811,cow_5,cow_10,./dataset/test-41-different/all\cow_5\cow_5_1941.png
5.8837023,12.948798,cow_5,cow_10,./dataset/test-41-different/all\cow_5\cow_5_1943.png
-12.095133,-8.431738,cow_5,cow_8,./dataset/test-41-different/all\cow_5\cow_5_27.png
-12.466025,-8.114451,cow_5,cow_8,./dataset/test-41-different/all\cow_5\cow_5_55.png
-11.839781,-7.8549976,cow_5,cow_10,./dataset/test-41-different/all\cow_5\cow_5_74.png
-0.4405864,-10.481149,cow_5,cow_10,./dataset/test-41-different/all\cow_5\cow_5_901.png
-12.361629,-7.344399,cow_5,cow_8,./dataset/test-41-different/all\cow_5\cow_5_91.png
-12.009694,-7.2329235,cow_5,cow_8,./dataset/test-41-different/all\cow_5\cow_5_94.png
-0.75818,-4.5141306,cow_5,cow_5,./dataset/test-41-different/all\cow_5\cow_5_975.png
-0.64438164,-4.4341283,cow_5,cow_5,./dataset/test-41-different/all\cow_5\cow_5_980.png
-0.49549398,-4.321026,cow_5,cow_5,./dataset/test-41-different/all\cow_5\cow_5_985.png
-18.655848,-9.253279,cow_6,cow_6,./dataset/test-41-different/all\cow_6\cow_6_1061.png
-12.438304,-2.8914106,cow_6,cow_6,./dataset/test-41-different/all\cow_6\cow_6_261.png
-12.621049,-2.9906213,cow_6,cow_6,./dataset/test-41-different/all\cow_6\cow_6_368.png
-17.278145,-9.644238,cow_6,cow_6,./dataset/test-41-different/all\cow_6\cow_6_744.png
-8.565516,1.8023758,cow_6,cow_6,./dataset/test-41-different/all\cow_6\cow_6_782.png
-15.946719,-4.4906406,cow_6,cow_6,./dataset/test-41-different/all\cow_6\cow_6_851.png
-5.066349,7.2846823,cow_6,cow_6,./dataset/test-41-different/all\cow_6\cow_6_907.png
-10.280833,14.273694,cow_7,cow_7,./dataset/test-41-different/all\cow_7\cow_7_1029.png
21.257713,1.3238064,cow_7,cow_7,./dataset/test-41-different/all\cow_7\cow_7_1079.png
19.858461,1.5982498,cow_7,cow_10,./dataset/test-41-different/all\cow_7\cow_7_1242.png
9.950498,19.793076,cow_7,cow_10,./dataset/test-41-different/all\cow_7\cow_7_1361.png
9.645963,20.67127,cow_7,cow_7,./dataset/test-41-different/all\cow_7\cow_7_1376.png
10.116133,21.680605,cow_7,cow_7,./dataset/test-41-different/all\cow_7\cow_7_1553.png
10.140746,21.67041,cow_7,cow_7,./dataset/test-41-different/all\cow_7\cow_7_1554.png
10.441171,21.98593,cow_7,cow_7,./dataset/test-41-different/all\cow_7\cow_7_1569.png
6.3558526,24.434668,cow_7,cow_7,./dataset/test-41-different/all\cow_7\cow_7_1710.png
22.27828,2.6296105,cow_7,cow_7,./dataset/test-41-different/all\cow_7\cow_7_1750.png
22.51888,1.6086961,cow_7,cow_7,./dataset/test-41-different/all\cow_7\cow_7_1772.png
22.50535,1.1090194,cow_7,cow_7,./dataset/test-41-different/all\cow_7\cow_7_1798.png
22.500986,0.0075590815,cow_7,cow_7,./dataset/test-41-different/all\cow_7\cow_7_1803.png
22.50853,-0.33122075,cow_7,cow_5,./dataset/test-41-different/all\cow_7\cow_7_1824.png
22.271168,-0.6548398,cow_7,cow_7,./dataset/test-41-different/all\cow_7\cow_7_1882.png
7.9882436,22.690794,cow_7,cow_7,./dataset/test-41-different/all\cow_7\cow_7_377.png
7.299504,23.626465,cow_7,cow_7,./dataset/test-41-different/all\cow_7\cow_7_397.png
7.3013973,23.642681,cow_7,cow_7,./dataset/test-41-different/all\cow_7\cow_7_398.png
12.679346,5.571294,cow_7,cow_7,./dataset/test-41-different/all\cow_7\cow_7_69.png
-8.33111,10.975031,cow_7,cow_7,./dataset/test-41-different/all\cow_7\cow_7_936.png
-14.433733,-19.31993,cow_8,cow_8,./dataset/test-41-different/all\cow_8\cow_8_348.png
-14.278945,-8.327821,cow_8,cow_5,./dataset/test-41-different/all\cow_8\cow_8_382.png
18.796926,27.287857,cow_8,cow_8,./dataset/test-41-different/all\cow_8\cow_8_506.png
15.169094,29.206802,cow_8,cow_8,./dataset/test-41-different/all\cow_8\cow_8_534.png
17.651495,20.79843,cow_8,cow_10,./dataset/test-41-different/all\cow_8\cow_8_548.png
16.192747,30.053679,cow_8,cow_8,./dataset/test-41-different/all\cow_8\cow_8_587.png
15.966858,31.563568,cow_8,cow_8,./dataset/test-41-different/all\cow_8\cow_8_595.png
15.947903,33.0055,cow_8,cow_8,./dataset/test-41-different/all\cow_8\cow_8_621.png
14.8369875,34.414513,cow_8,cow_8,./dataset/test-41-different/all\cow_8\cow_8_684.png
14.170761,34.15796,cow_8,cow_8,./dataset/test-41-different/all\cow_8\cow_8_687.png
15.118316,33.80079,cow_8,cow_8,./dataset/test-41-different/all\cow_8\cow_8_706.png
14.14083,33.439316,cow_8,cow_8,./dataset/test-41-different/all\cow_8\cow_8_709.png
14.963539,33.15666,cow_8,cow_8,./dataset/test-41-different/all\cow_8\cow_8_720.png
14.322296,32.753647,cow_8,cow_8,./dataset/test-41-different/all\cow_8\cow_8_730.png
15.025537,32.273613,cow_8,cow_8,./dataset/test-41-different/all\cow_8\cow_8_744.png
17.264612,29.1614,cow_8,cow_8,./dataset/test-41-different/all\cow_8\cow_8_770.png
18.018452,28.583012,cow_8,cow_8,./dataset/test-41-different/all\cow_8\cow_8_789.png
17.387722,28.334953,cow_8,cow_8,./dataset/test-41-different/all\cow_8\cow_8_801.png
17.813046,27.824923,cow_8,cow_8,./dataset/test-41-different/all\cow_8\cow_8_826.png
17.549793,27.357798,cow_8,cow_8,./dataset/test-41-different/all\cow_8\cow_8_835.png
17.027668,27.334524,cow_8,cow_8,./dataset/test-41-different/all\cow_8\cow_8_849.png
13.340341,0.040587507,cow_9,cow_9,./dataset/test-41-different/all\cow_9\cow_9_1038.png
15.242048,-1.0742149,cow_9,cow_9,./dataset/test-41-different/all\cow_9\cow_9_1095.png
14.738065,-1.5971893,cow_9,cow_9,./dataset/test-41-different/all\cow_9\cow_9_1128.png
15.135297,-2.6521847,cow_9,cow_9,./dataset/test-41-different/all\cow_9\cow_9_1168.png
14.799882,-2.563188,cow_9,cow_9,./dataset/test-41-different/all\cow_9\cow_9_1169.png
14.360715,-2.4279609,cow_9,cow_9,./dataset/test-41-different/all\cow_9\cow_9_1172.png
14.535,-3.1166868,cow_9,cow_9,./dataset/test-41-different/all\cow_9\cow_9_1187.png
-14.340186,-5.8091207,cow_9,cow_9,./dataset/test-41-different/all\cow_9\cow_9_428.png
13.112685,-2.9693303,cow_9,cow_9,./dataset/test-41-different/all\cow_9\cow_9_966.png
12.954603,-2.9637582,cow_9,cow_9,./dataset/test-41-different/all\cow_9\cow_9_975.png
